{
  "name": "{{Dataset_Name}}",
  "compatibilityLevel": 1604,
  "model": {
    "name": "{{Dataset_Name}}",
    "culture": "en-US",
    "collation": "Latin1_General_100_BIN2_UTF8",
    "dataAccessOptions": {
      "legacyRedirects": true,
      "returnErrorValuesAsNull": true
    },
    "defaultPowerBIDataSourceVersion": "powerBI_V3",
    "sourceQueryCulture": "en-US",
    "tables": [
      {
        "name": "accounts",
        "sourceLineageTag": "[dbo].[accounts]",
        "columns": [
          {
            "name": "account_id",
            "dataType": "int64",
            "sourceColumn": "account_id",
            "formatString": "0",
            "sourceProviderType": "bigint",
            "sourceLineageTag": "account_id",
            "summarizeBy": "sum",
            "annotations": [
              {
                "name": "SummarizationSetBy",
                "value": "Automatic"
              }
            ]
          },
          {
            "name": "customer_id",
            "dataType": "int64",
            "sourceColumn": "customer_id",
            "formatString": "0",
            "sourceProviderType": "bigint",
            "sourceLineageTag": "customer_id",
            "summarizeBy": "sum",
            "annotations": [
              {
                "name": "SummarizationSetBy",
                "value": "Automatic"
              }
            ]
          },
          {
            "name": "account_type",
            "dataType": "string",
            "sourceColumn": "account_type",
            "sourceProviderType": "varchar",
            "sourceLineageTag": "account_type",
            "summarizeBy": "none",
            "annotations": [
              {
                "name": "SummarizationSetBy",
                "value": "Automatic"
              }
            ]
          },
          {
            "name": "balance",
            "dataType": "double",
            "sourceColumn": "balance",
            "sourceProviderType": "float",
            "sourceLineageTag": "balance",
            "summarizeBy": "sum",
            "annotations": [
              {
                "name": "SummarizationSetBy",
                "value": "Automatic"
              },
              {
                "name": "PBI_FormatHint",
                "value": "{\"isGeneralNumber\":true}"
              }
            ]
          }
        ],
        "partitions": [
          {
            "name": "{{Partition_Name}}",
            "mode": "directLake",
            "source": {
              "type": "entity",
              "entityName": "accounts",
              "expressionSource": "DatabaseQuery",
              "schemaName": "dbo"
            }
          }
        ],
        "annotations": [
          {
            "name": "IsTableInBiModel",
            "value": "False"
          }
        ]
      },
      {
        "name": "customers",
        "sourceLineageTag": "[dbo].[customers]",
        "columns": [
          {
            "name": "customer_id",
            "dataType": "int64",
            "sourceColumn": "customer_id",
            "formatString": "0",
            "sourceProviderType": "bigint",
            "sourceLineageTag": "customer_id",
            "summarizeBy": "sum",
            "annotations": [
              {
                "name": "SummarizationSetBy",
                "value": "Automatic"
              }
            ]
          },
          {
            "name": "first_name",
            "dataType": "string",
            "sourceColumn": "first_name",
            "sourceProviderType": "varchar",
            "sourceLineageTag": "first_name",
            "summarizeBy": "none",
            "annotations": [
              {
                "name": "SummarizationSetBy",
                "value": "Automatic"
              }
            ]
          },
          {
            "name": "last_name",
            "dataType": "string",
            "sourceColumn": "last_name",
            "sourceProviderType": "varchar",
            "sourceLineageTag": "last_name",
            "summarizeBy": "none",
            "annotations": [
              {
                "name": "SummarizationSetBy",
                "value": "Automatic"
              }
            ]
          },
          {
            "name": "address",
            "dataType": "string",
            "sourceColumn": "address",
            "sourceProviderType": "varchar",
            "sourceLineageTag": "address",
            "summarizeBy": "none",
            "annotations": [
              {
                "name": "SummarizationSetBy",
                "value": "Automatic"
              }
            ]
          },
          {
            "name": "city",
            "dataType": "string",
            "sourceColumn": "city",
            "sourceProviderType": "varchar",
            "sourceLineageTag": "city",
            "summarizeBy": "none",
            "annotations": [
              {
                "name": "SummarizationSetBy",
                "value": "Automatic"
              }
            ]
          },
          {
            "name": "state",
            "dataType": "string",
            "sourceColumn": "state",
            "sourceProviderType": "varchar",
            "sourceLineageTag": "state",
            "summarizeBy": "none",
            "annotations": [
              {
                "name": "SummarizationSetBy",
                "value": "Automatic"
              }
            ]
          },
          {
            "name": "zip",
            "dataType": "string",
            "sourceColumn": "zip",
            "sourceProviderType": "varchar",
            "sourceLineageTag": "zip",
            "summarizeBy": "none",
            "annotations": [
              {
                "name": "SummarizationSetBy",
                "value": "Automatic"
              }
            ]
          }
        ],
        "partitions": [
          {
            "name": "{{Partition_Name}}",
            "mode": "directLake",
            "source": {
              "type": "entity",
              "entityName": "customers",
              "expressionSource": "DatabaseQuery",
              "schemaName": "dbo"
            }
          }
        ],
        "annotations": [
          {
            "name": "IsTableInBiModel",
            "value": "False"
          }
        ]
      },
      {
        "name": "loan_payments",
        "sourceLineageTag": "[dbo].[loan_payments]",
        "columns": [
          {
            "name": "payment_id",
            "dataType": "int64",
            "sourceColumn": "payment_id",
            "formatString": "0",
            "sourceProviderType": "bigint",
            "sourceLineageTag": "payment_id",
            "summarizeBy": "sum",
            "annotations": [
              {
                "name": "SummarizationSetBy",
                "value": "Automatic"
              }
            ]
          },
          {
            "name": "loan_id",
            "dataType": "int64",
            "sourceColumn": "loan_id",
            "formatString": "0",
            "sourceProviderType": "bigint",
            "sourceLineageTag": "loan_id",
            "summarizeBy": "sum",
            "annotations": [
              {
                "name": "SummarizationSetBy",
                "value": "Automatic"
              }
            ]
          },
          {
            "name": "payment_date",
            "dataType": "dateTime",
            "sourceColumn": "payment_date",
            "formatString": "General Date",
            "sourceProviderType": "date",
            "sourceLineageTag": "payment_date",
            "summarizeBy": "none",
            "annotations": [
              {
                "name": "SummarizationSetBy",
                "value": "Automatic"
              }
            ]
          },
          {
            "name": "payment_amount",
            "dataType": "int64",
            "sourceColumn": "payment_amount",
            "formatString": "0",
            "sourceProviderType": "bigint",
            "sourceLineageTag": "payment_amount",
            "summarizeBy": "sum",
            "annotations": [
              {
                "name": "SummarizationSetBy",
                "value": "Automatic"
              }
            ]
          }
        ],
        "partitions": [
          {
            "name": "{{Partition_Name}}",
            "mode": "directLake",
            "source": {
              "type": "entity",
              "entityName": "loan_payments",
              "expressionSource": "DatabaseQuery",
              "schemaName": "dbo"
            }
          }
        ],
        "annotations": [
          {
            "name": "IsTableInBiModel",
            "value": "False"
          }
        ]
      },
      {
        "name": "loans",
        "sourceLineageTag": "[dbo].[loans]",
        "columns": [
          {
            "name": "loan_id",
            "dataType": "int64",
            "sourceColumn": "loan_id",
            "formatString": "0",
            "sourceProviderType": "bigint",
            "sourceLineageTag": "loan_id",
            "summarizeBy": "sum",
            "annotations": [
              {
                "name": "SummarizationSetBy",
                "value": "Automatic"
              }
            ]
          },
          {
            "name": "customer_id",
            "dataType": "int64",
            "sourceColumn": "customer_id",
            "formatString": "0",
            "sourceProviderType": "bigint",
            "sourceLineageTag": "customer_id",
            "summarizeBy": "sum",
            "annotations": [
              {
                "name": "SummarizationSetBy",
                "value": "Automatic"
              }
            ]
          },
          {
            "name": "loan_amount",
            "dataType": "double",
            "sourceColumn": "loan_amount",
            "sourceProviderType": "float",
            "sourceLineageTag": "loan_amount",
            "summarizeBy": "sum",
            "annotations": [
              {
                "name": "SummarizationSetBy",
                "value": "Automatic"
              },
              {
                "name": "PBI_FormatHint",
                "value": "{\"isGeneralNumber\":true}"
              }
            ]
          },
          {
            "name": "interest_rate",
            "dataType": "double",
            "sourceColumn": "interest_rate",
            "sourceProviderType": "float",
            "sourceLineageTag": "interest_rate",
            "summarizeBy": "sum",
            "annotations": [
              {
                "name": "SummarizationSetBy",
                "value": "Automatic"
              },
              {
                "name": "PBI_FormatHint",
                "value": "{\"isGeneralNumber\":true}"
              }
            ]
          },
          {
            "name": "loan_term",
            "dataType": "int64",
            "sourceColumn": "loan_term",
            "formatString": "0",
            "sourceProviderType": "bigint",
            "sourceLineageTag": "loan_term",
            "summarizeBy": "sum",
            "annotations": [
              {
                "name": "SummarizationSetBy",
                "value": "Automatic"
              }
            ]
          }
        ],
        "partitions": [
          {
            "name": "{{Partition_Name}}",
            "mode": "directLake",
            "source": {
              "type": "entity",
              "entityName": "loans",
              "expressionSource": "DatabaseQuery",
              "schemaName": "dbo"
            }
          }
        ],
        "annotations": [
          {
            "name": "IsTableInBiModel",
            "value": "False"
          }
        ]
      },
      {
        "name": "transactions",
        "sourceLineageTag": "[dbo].[transactions]",
        "columns": [
          {
            "name": "transaction_id",
            "dataType": "string",
            "sourceColumn": "transaction_id",
            "sourceProviderType": "varchar",
            "sourceLineageTag": "transaction_id",
            "summarizeBy": "none",
            "annotations": [
              {
                "name": "SummarizationSetBy",
                "value": "Automatic"
              }
            ]
          },
          {
            "name": "account_id",
            "dataType": "string",
            "sourceColumn": "account_id",
            "sourceProviderType": "varchar",
            "sourceLineageTag": "account_id",
            "summarizeBy": "none",
            "annotations": [
              {
                "name": "SummarizationSetBy",
                "value": "Automatic"
              }
            ]
          },
          {
            "name": "transaction_date",
            "dataType": "string",
            "sourceColumn": "transaction_date",
            "sourceProviderType": "varchar",
            "sourceLineageTag": "transaction_date",
            "summarizeBy": "none",
            "annotations": [
              {
                "name": "SummarizationSetBy",
                "value": "Automatic"
              }
            ]
          },
          {
            "name": "transaction_amount",
            "dataType": "string",
            "sourceColumn": "transaction_amount",
            "sourceProviderType": "varchar",
            "sourceLineageTag": "transaction_amount",
            "summarizeBy": "none",
            "annotations": [
              {
                "name": "SummarizationSetBy",
                "value": "Automatic"
              }
            ]
          },
          {
            "name": "transaction_type",
            "dataType": "string",
            "sourceColumn": "transaction_type",
            "sourceProviderType": "varchar",
            "sourceLineageTag": "transaction_type",
            "summarizeBy": "none",
            "annotations": [
              {
                "name": "SummarizationSetBy",
                "value": "Automatic"
              }
            ]
          }
        ],
        "partitions": [
          {
            "name": "{{Partition_Name}}",
            "mode": "directLake",
            "source": {
              "type": "entity",
              "entityName": "transactions",
              "expressionSource": "DatabaseQuery",
              "schemaName": "dbo"
            }
          }
        ],
        "annotations": [
          {
            "name": "IsTableInBiModel",
            "value": "False"
          }
        ]
      },
      {
        "name": "dim_customer",
        "sourceLineageTag": "[sales].[dim_customer]",
        "columns": [
          {
            "name": "Customer_ID",
            "dataType": "string",
            "sourceColumn": "Customer_ID",
            "sourceProviderType": "varchar",
            "sourceLineageTag": "Customer_ID",
            "summarizeBy": "none",
            "annotations": [
              {
                "name": "SummarizationSetBy",
                "value": "Automatic"
              }
            ]
          },
          {
            "name": "Customer_Name",
            "dataType": "string",
            "sourceColumn": "Customer_Name",
            "sourceProviderType": "varchar",
            "sourceLineageTag": "Customer_Name",
            "summarizeBy": "none",
            "annotations": [
              {
                "name": "SummarizationSetBy",
                "value": "Automatic"
              }
            ]
          },
          {
            "name": "Segment_ID",
            "dataType": "int64",
            "sourceColumn": "Segment_ID",
            "formatString": "0",
            "sourceProviderType": "int",
            "sourceLineageTag": "Segment_ID",
            "summarizeBy": "sum",
            "annotations": [
              {
                "name": "SummarizationSetBy",
                "value": "Automatic"
              }
            ]
          },
          {
            "name": "City",
            "dataType": "string",
            "sourceColumn": "City",
            "sourceProviderType": "varchar",
            "sourceLineageTag": "City",
            "summarizeBy": "none",
            "annotations": [
              {
                "name": "SummarizationSetBy",
                "value": "Automatic"
              }
            ]
          },
          {
            "name": "State",
            "dataType": "string",
            "sourceColumn": "State",
            "sourceProviderType": "varchar",
            "sourceLineageTag": "State",
            "summarizeBy": "none",
            "annotations": [
              {
                "name": "SummarizationSetBy",
                "value": "Automatic"
              }
            ]
          },
          {
            "name": "Country",
            "dataType": "string",
            "sourceColumn": "Country",
            "sourceProviderType": "varchar",
            "sourceLineageTag": "Country",
            "summarizeBy": "none",
            "annotations": [
              {
                "name": "SummarizationSetBy",
                "value": "Automatic"
              }
            ]
          },
          {
            "name": "Region",
            "dataType": "string",
            "sourceColumn": "Region",
            "sourceProviderType": "varchar",
            "sourceLineageTag": "Region",
            "summarizeBy": "none",
            "annotations": [
              {
                "name": "SummarizationSetBy",
                "value": "Automatic"
              }
            ]
          }
        ],
        "partitions": [
          {
            "name": "{{Partition_Name}}",
            "mode": "directLake",
            "source": {
              "type": "entity",
              "entityName": "dim_customer",
              "expressionSource": "DatabaseQuery",
              "schemaName": "sales"
            }
          }
        ],
        "annotations": [
          {
            "name": "IsTableInBiModel",
            "value": "True"
          }
        ]
      },
      {
        "name": "dim_date",
        "sourceLineageTag": "[sales].[dim_date]",
        "columns": [
          {
            "name": "Date_ID",
            "dataType": "int64",
            "sourceColumn": "Date_ID",
            "formatString": "0",
            "sourceProviderType": "int",
            "sourceLineageTag": "Date_ID",
            "summarizeBy": "sum",
            "annotations": [
              {
                "name": "SummarizationSetBy",
                "value": "Automatic"
              }
            ]
          },
          {
            "name": "BusinessDate",
            "dataType": "dateTime",
            "sourceColumn": "BusinessDate",
            "formatString": "General Date",
            "sourceProviderType": "datetime2",
            "sourceLineageTag": "BusinessDate",
            "summarizeBy": "none",
            "annotations": [
              {
                "name": "SummarizationSetBy",
                "value": "Automatic"
              }
            ]
          },
          {
            "name": "Business_Year",
            "dataType": "int64",
            "sourceColumn": "Business_Year",
            "formatString": "0",
            "sourceProviderType": "int",
            "sourceLineageTag": "Business_Year",
            "summarizeBy": "sum",
            "annotations": [
              {
                "name": "SummarizationSetBy",
                "value": "Automatic"
              }
            ]
          },
          {
            "name": "Business_Month",
            "dataType": "int64",
            "sourceColumn": "Business_Month",
            "formatString": "0",
            "sourceProviderType": "int",
            "sourceLineageTag": "Business_Month",
            "summarizeBy": "sum",
            "annotations": [
              {
                "name": "SummarizationSetBy",
                "value": "Automatic"
              }
            ]
          },
          {
            "name": "Business_Quarter",
            "dataType": "int64",
            "sourceColumn": "Business_Quarter",
            "formatString": "0",
            "sourceProviderType": "int",
            "sourceLineageTag": "Business_Quarter",
            "summarizeBy": "sum",
            "annotations": [
              {
                "name": "SummarizationSetBy",
                "value": "Automatic"
              }
            ]
          },
          {
            "name": "Business_Week",
            "dataType": "int64",
            "sourceColumn": "Business_Week",
            "formatString": "0",
            "sourceProviderType": "int",
            "sourceLineageTag": "Business_Week",
            "summarizeBy": "sum",
            "annotations": [
              {
                "name": "SummarizationSetBy",
                "value": "Automatic"
              }
            ]
          }
        ],
        "partitions": [
          {
            "name": "{{Partition_Name}}",
            "mode": "directLake",
            "source": {
              "type": "entity",
              "entityName": "dim_date",
              "expressionSource": "DatabaseQuery",
              "schemaName": "sales"
            }
          }
        ],
        "annotations": [
          {
            "name": "IsTableInBiModel",
            "value": "True"
          }
        ]
      },
      {
        "name": "dim_order",
        "sourceLineageTag": "[sales].[dim_order]",
        "columns": [
          {
            "name": "Order_ID",
            "dataType": "string",
            "sourceColumn": "Order_ID",
            "sourceProviderType": "varchar",
            "sourceLineageTag": "Order_ID",
            "summarizeBy": "none",
            "annotations": [
              {
                "name": "SummarizationSetBy",
                "value": "Automatic"
              }
            ]
          },
          {
            "name": "Order_Date_ID",
            "dataType": "int64",
            "sourceColumn": "Order_Date_ID",
            "formatString": "0",
            "sourceProviderType": "int",
            "sourceLineageTag": "Order_Date_ID",
            "summarizeBy": "sum",
            "annotations": [
              {
                "name": "SummarizationSetBy",
                "value": "Automatic"
              }
            ]
          },
          {
            "name": "Shipping_Date_ID",
            "dataType": "int64",
            "sourceColumn": "Shipping_Date_ID",
            "formatString": "0",
            "sourceProviderType": "int",
            "sourceLineageTag": "Shipping_Date_ID",
            "summarizeBy": "sum",
            "annotations": [
              {
                "name": "SummarizationSetBy",
                "value": "Automatic"
              }
            ]
          },
          {
            "name": "Ship_Mode",
            "dataType": "string",
            "sourceColumn": "Ship_Mode",
            "sourceProviderType": "varchar",
            "sourceLineageTag": "Ship_Mode",
            "summarizeBy": "none",
            "annotations": [
              {
                "name": "SummarizationSetBy",
                "value": "Automatic"
              }
            ]
          },
          {
            "name": "Order_Priority",
            "dataType": "string",
            "sourceColumn": "Order_Priority",
            "sourceProviderType": "varchar",
            "sourceLineageTag": "Order_Priority",
            "summarizeBy": "none",
            "annotations": [
              {
                "name": "SummarizationSetBy",
                "value": "Automatic"
              }
            ]
          },
          {
            "name": "Aging",
            "dataType": "int64",
            "sourceColumn": "Aging",
            "formatString": "0",
            "sourceProviderType": "int",
            "sourceLineageTag": "Aging",
            "summarizeBy": "sum",
            "annotations": [
              {
                "name": "SummarizationSetBy",
                "value": "Automatic"
              }
            ]
          }
        ],
        "partitions": [
          {
            "name": "{{Partition_Name}}",
            "mode": "directLake",
            "source": {
              "type": "entity",
              "entityName": "dim_order",
              "expressionSource": "DatabaseQuery",
              "schemaName": "sales"
            }
          }
        ],
        "annotations": [
          {
            "name": "IsTableInBiModel",
            "value": "True"
          }
        ]
      },
      {
        "name": "dim_product",
        "sourceLineageTag": "[sales].[dim_product]",
        "columns": [
          {
            "name": "Product_ID",
            "dataType": "int64",
            "sourceColumn": "Product_ID",
            "formatString": "0",
            "sourceProviderType": "int",
            "sourceLineageTag": "Product_ID",
            "summarizeBy": "sum",
            "annotations": [
              {
                "name": "SummarizationSetBy",
                "value": "Automatic"
              }
            ]
          },
          {
            "name": "Product",
            "dataType": "string",
            "sourceColumn": "Product",
            "sourceProviderType": "varchar",
            "sourceLineageTag": "Product",
            "summarizeBy": "none",
            "annotations": [
              {
                "name": "SummarizationSetBy",
                "value": "Automatic"
              }
            ]
          },
          {
            "name": "Product_Category",
            "dataType": "string",
            "sourceColumn": "Product_Category",
            "sourceProviderType": "varchar",
            "sourceLineageTag": "Product_Category",
            "summarizeBy": "none",
            "annotations": [
              {
                "name": "SummarizationSetBy",
                "value": "Automatic"
              }
            ]
          }
        ],
        "partitions": [
          {
            "name": "{{Partition_Name}}",
            "mode": "directLake",
            "source": {
              "type": "entity",
              "entityName": "dim_product",
              "expressionSource": "DatabaseQuery",
              "schemaName": "sales"
            }
          }
        ],
        "annotations": [
          {
            "name": "IsTableInBiModel",
            "value": "True"
          }
        ]
      },
      {
        "name": "dim_return_flag",
        "sourceLineageTag": "[sales].[dim_return_flag]",
        "columns": [
          {
            "name": "Return_ID",
            "dataType": "int64",
            "sourceColumn": "Return_ID",
            "formatString": "0",
            "sourceProviderType": "bigint",
            "sourceLineageTag": "Return_ID",
            "summarizeBy": "sum",
            "annotations": [
              {
                "name": "SummarizationSetBy",
                "value": "Automatic"
              }
            ]
          },
          {
            "name": "Return_Description",
            "dataType": "string",
            "sourceColumn": "Return_Description",
            "sourceProviderType": "varchar",
            "sourceLineageTag": "Return_Description",
            "summarizeBy": "none",
            "annotations": [
              {
                "name": "SummarizationSetBy",
                "value": "Automatic"
              }
            ]
          }
        ],
        "partitions": [
          {
            "name": "{{Partition_Name}}",
            "mode": "directLake",
            "source": {
              "type": "entity",
              "entityName": "dim_return_flag",
              "expressionSource": "DatabaseQuery",
              "schemaName": "sales"
            }
          }
        ],
        "annotations": [
          {
            "name": "IsTableInBiModel",
            "value": "True"
          }
        ]
      },
      {
        "name": "dim_sales_return",
        "sourceLineageTag": "[sales].[dim_sales_return]",
        "columns": [
          {
            "name": "Order_ID",
            "dataType": "string",
            "sourceColumn": "Order_ID",
            "sourceProviderType": "varchar",
            "sourceLineageTag": "Order_ID",
            "summarizeBy": "none",
            "annotations": [
              {
                "name": "SummarizationSetBy",
                "value": "Automatic"
              }
            ]
          },
          {
            "name": "Customer_Name",
            "dataType": "string",
            "sourceColumn": "Customer_Name",
            "sourceProviderType": "varchar",
            "sourceLineageTag": "Customer_Name",
            "summarizeBy": "none",
            "annotations": [
              {
                "name": "SummarizationSetBy",
                "value": "Automatic"
              }
            ]
          },
          {
            "name": "Sales_Amount",
            "dataType": "double",
            "sourceColumn": "Sales_Amount",
            "sourceProviderType": "float",
            "sourceLineageTag": "Sales_Amount",
            "summarizeBy": "sum",
            "annotations": [
              {
                "name": "SummarizationSetBy",
                "value": "Automatic"
              },
              {
                "name": "PBI_FormatHint",
                "value": "{\"isGeneralNumber\":true}"
              }
            ]
          },
          {
            "name": "Return_ID",
            "dataType": "int64",
            "sourceColumn": "Return_ID",
            "formatString": "0",
            "sourceProviderType": "int",
            "sourceLineageTag": "Return_ID",
            "summarizeBy": "sum",
            "annotations": [
              {
                "name": "SummarizationSetBy",
                "value": "Automatic"
              }
            ]
          }
        ],
        "partitions": [
          {
            "name": "{{Partition_Name}}",
            "mode": "directLake",
            "source": {
              "type": "entity",
              "entityName": "dim_sales_return",
              "expressionSource": "DatabaseQuery",
              "schemaName": "sales"
            }
          }
        ],
        "annotations": [
          {
            "name": "IsTableInBiModel",
            "value": "True"
          }
        ]
      },
      {
        "name": "dim_segment",
        "sourceLineageTag": "[sales].[dim_segment]",
        "columns": [
          {
            "name": "Segment_ID",
            "dataType": "int64",
            "sourceColumn": "Segment_ID",
            "formatString": "0",
            "sourceProviderType": "int",
            "sourceLineageTag": "Segment_ID",
            "summarizeBy": "sum",
            "annotations": [
              {
                "name": "SummarizationSetBy",
                "value": "Automatic"
              }
            ]
          },
          {
            "name": "Segment",
            "dataType": "string",
            "sourceColumn": "Segment",
            "sourceProviderType": "varchar",
            "sourceLineageTag": "Segment",
            "summarizeBy": "none",
            "annotations": [
              {
                "name": "SummarizationSetBy",
                "value": "Automatic"
              }
            ]
          }
        ],
        "partitions": [
          {
            "name": "{{Partition_Name}}",
            "mode": "directLake",
            "source": {
              "type": "entity",
              "entityName": "dim_segment",
              "expressionSource": "DatabaseQuery",
              "schemaName": "sales"
            }
          }
        ],
        "annotations": [
          {
            "name": "IsTableInBiModel",
            "value": "True"
          }
        ]
      },
      {
        "name": "fact_sales",
        "sourceLineageTag": "[sales].[fact_sales]",
        "columns": [
          {
            "name": "Order_ID",
            "dataType": "string",
            "sourceColumn": "Order_ID",
            "sourceProviderType": "varchar",
            "sourceLineageTag": "Order_ID",
            "summarizeBy": "none",
            "annotations": [
              {
                "name": "SummarizationSetBy",
                "value": "Automatic"
              }
            ]
          },
          {
            "name": "Customer_ID",
            "dataType": "string",
            "sourceColumn": "Customer_ID",
            "sourceProviderType": "varchar",
            "sourceLineageTag": "Customer_ID",
            "summarizeBy": "none",
            "annotations": [
              {
                "name": "SummarizationSetBy",
                "value": "Automatic"
              }
            ]
          },
          {
            "name": "Segment_ID",
            "dataType": "int64",
            "sourceColumn": "Segment_ID",
            "formatString": "0",
            "sourceProviderType": "int",
            "sourceLineageTag": "Segment_ID",
            "summarizeBy": "sum",
            "annotations": [
              {
                "name": "SummarizationSetBy",
                "value": "Automatic"
              }
            ]
          },
          {
            "name": "Product_ID",
            "dataType": "int64",
            "sourceColumn": "Product_ID",
            "formatString": "0",
            "sourceProviderType": "int",
            "sourceLineageTag": "Product_ID",
            "summarizeBy": "sum",
            "annotations": [
              {
                "name": "SummarizationSetBy",
                "value": "Automatic"
              }
            ]
          },
          {
            "name": "Order_Date_ID",
            "dataType": "int64",
            "sourceColumn": "Order_Date_ID",
            "formatString": "0",
            "sourceProviderType": "int",
            "sourceLineageTag": "Order_Date_ID",
            "summarizeBy": "sum",
            "annotations": [
              {
                "name": "SummarizationSetBy",
                "value": "Automatic"
              }
            ]
          },
          {
            "name": "Shipping_Date_ID",
            "dataType": "int64",
            "sourceColumn": "Shipping_Date_ID",
            "formatString": "0",
            "sourceProviderType": "int",
            "sourceLineageTag": "Shipping_Date_ID",
            "summarizeBy": "sum",
            "annotations": [
              {
                "name": "SummarizationSetBy",
                "value": "Automatic"
              }
            ]
          },
          {
            "name": "Sales",
            "dataType": "double",
            "sourceColumn": "Sales",
            "sourceProviderType": "float",
            "sourceLineageTag": "Sales",
            "summarizeBy": "sum",
            "annotations": [
              {
                "name": "SummarizationSetBy",
                "value": "Automatic"
              },
              {
                "name": "PBI_FormatHint",
                "value": "{\"isGeneralNumber\":true}"
              }
            ]
          },
          {
            "name": "Profit",
            "dataType": "double",
            "sourceColumn": "Profit",
            "sourceProviderType": "float",
            "sourceLineageTag": "Profit",
            "summarizeBy": "sum",
            "annotations": [
              {
                "name": "SummarizationSetBy",
                "value": "Automatic"
              },
              {
                "name": "PBI_FormatHint",
                "value": "{\"isGeneralNumber\":true}"
              }
            ]
          },
          {
            "name": "Quantity",
            "dataType": "int64",
            "sourceColumn": "Quantity",
            "formatString": "0",
            "sourceProviderType": "int",
            "sourceLineageTag": "Quantity",
            "summarizeBy": "sum",
            "annotations": [
              {
                "name": "SummarizationSetBy",
                "value": "Automatic"
              }
            ]
          },
          {
            "name": "Discount",
            "dataType": "double",
            "sourceColumn": "Discount",
            "sourceProviderType": "float",
            "sourceLineageTag": "Discount",
            "summarizeBy": "sum",
            "annotations": [
              {
                "name": "SummarizationSetBy",
                "value": "Automatic"
              },
              {
                "name": "PBI_FormatHint",
                "value": "{\"isGeneralNumber\":true}"
              }
            ]
          },
          {
            "name": "Shipping_Cost",
            "dataType": "double",
            "sourceColumn": "Shipping_Cost",
            "sourceProviderType": "float",
            "sourceLineageTag": "Shipping_Cost",
            "summarizeBy": "sum",
            "annotations": [
              {
                "name": "SummarizationSetBy",
                "value": "Automatic"
              },
              {
                "name": "PBI_FormatHint",
                "value": "{\"isGeneralNumber\":true}"
              }
            ]
          },
          {
            "name": "Return_ID",
            "dataType": "int64",
            "sourceColumn": "Return_ID",
            "formatString": "0",
            "sourceProviderType": "int",
            "sourceLineageTag": "Return_ID",
            "summarizeBy": "sum",
            "annotations": [
              {
                "name": "SummarizationSetBy",
                "value": "Automatic"
              }
            ]
          }
        ],
        "partitions": [
          {
            "name": "{{Partition_Name}}",
            "mode": "directLake",
            "source": {
              "type": "entity",
              "entityName": "fact_sales",
              "expressionSource": "DatabaseQuery",
              "schemaName": "sales"
            }
          }
        ],
        "annotations": [
          {
            "name": "IsTableInBiModel",
            "value": "True"
          }
        ]
      }
    ],
    "expressions": [
      {
        "name": "DatabaseQuery",
        "kind": "m",
        "expression": "let\n    database = {{TDS_Endpoint}}\nin\n    database\n"
      }
    ],
    "annotations": [
      {
        "name": "__PBI_TimeIntelligenceEnabled",
        "value": "0"
      },
      {
        "name": "SourceLineageTagType",
        "value": "DatabaseFullyQualifiedName"
      }
    ]
  }
}